"text","favorited","favoriteCount","replyToSN","truncated","replyToSID","id","replyToUID","statusSource","screenName","retweetCount","isRetweet","retweeted","longitude","latitude"
"Rolling blackouts are a decidedly low-tech way for a utility company to prevent wildfires. Here are some other appr… https://t.co/SPiPdoe6RW",FALSE,65,NA,TRUE,NA,"1183853995577827336",NA,"<a href=""http://www.socialflow.com"" rel=""nofollow"">SocialFlow</a>","nytimes",15,FALSE,FALSE,NA,NA
"The Booker Prize has 2 winners after judges rebelled: Margaret Atwood’s “The Testaments” and Bernardine Evaristo’s… https://t.co/VbXmj9BYF7",FALSE,268,NA,TRUE,NA,"1183851046705270785",NA,"<a href=""http://www.socialflow.com"" rel=""nofollow"">SocialFlow</a>","nytimes",85,FALSE,FALSE,NA,NA
"Your version of this sweet bun perfumed with southern Indian spice may look slightly less put-together than those s… https://t.co/bemb2sGdN7",FALSE,119,NA,TRUE,NA,"1183850004022284288",NA,"<a href=""http://www.socialflow.com"" rel=""nofollow"">SocialFlow</a>","nytimes",19,FALSE,FALSE,NA,NA
"""It’s a question of, what would have gotten him first, the vaping or tobacco? In his case, it looks to me like he w… https://t.co/aVc0E41p1s",FALSE,71,NA,TRUE,NA,"1183846197439664128",NA,"<a href=""http://www.socialflow.com"" rel=""nofollow"">SocialFlow</a>","nytimes",29,FALSE,FALSE,NA,NA
"Breaking News: President Trump said he was halting trade negotiations with Turkey and increasing sanctions in respo… https://t.co/dbD76rzFSN",FALSE,212,NA,TRUE,NA,"1183843865108852737",NA,"<a href=""http://www.socialflow.com"" rel=""nofollow"">SocialFlow</a>","nytimes",128,FALSE,FALSE,NA,NA
"There's a decent chance you'll be reading about diet soda studies until the day you die. The repeated studies help… https://t.co/AQXAE3sshz",FALSE,87,NA,TRUE,NA,"1183842460469993473",NA,"<a href=""http://www.socialflow.com"" rel=""nofollow"">SocialFlow</a>","nytimes",25,FALSE,FALSE,NA,NA
"Elizabeth Warren is now a clear front-runner for the Democratic nomination. That she's risen without support from a… https://t.co/DkrpWg1NDz",FALSE,641,NA,TRUE,NA,"1183838670392037378",NA,"<a href=""http://www.socialflow.com"" rel=""nofollow"">SocialFlow</a>","nytimes",163,FALSE,FALSE,NA,NA
"Harold Bloom, the prodigious literary critic, has died at 89. He championed and defended the Western canon in an ou… https://t.co/ffPoZuAMTD",FALSE,281,NA,TRUE,NA,"1183834884042907649",NA,"<a href=""http://www.socialflow.com"" rel=""nofollow"">SocialFlow</a>","nytimes",229,FALSE,FALSE,NA,NA
"""The debate’s going to be great, I have no doubt, especially to my labradoodle. To her, no matter what happens onst… https://t.co/0k35zjc0P8",FALSE,78,NA,TRUE,NA,"1183829836579639296",NA,"<a href=""http://www.socialflow.com"" rel=""nofollow"">SocialFlow</a>","nytimes",15,FALSE,FALSE,NA,NA
"A $10,000 reward led to a tip. Then authorities charged 2 16-year-old boys with reckless homicide in a case in whic… https://t.co/8tqITPCBPw",FALSE,113,NA,TRUE,NA,"1183824817696509952",NA,"<a href=""http://www.socialflow.com"" rel=""nofollow"">SocialFlow</a>","nytimes",47,FALSE,FALSE,NA,NA
"Inside Barney Greengrass, the 111-year-old restaurant and Jewish deli, whose sturgeon was mailed to President Frank… https://t.co/FuAgA2plv3",FALSE,141,NA,TRUE,NA,"1183819818987933696",NA,"<a href=""http://www.socialflow.com"" rel=""nofollow"">SocialFlow</a>","nytimes",47,FALSE,FALSE,NA,NA
"Atatiana Jefferson's family is demanding answers and wants an outside agency to investigate her death, saying they… https://t.co/byTmNYGsLV",FALSE,207,"nytimes",TRUE,"1183812935417761799","1183818077231833088","807095","<a href=""https://mobile.twitter.com"" rel=""nofollow"">Twitter Web App</a>","nytimes",66,FALSE,FALSE,NA,NA
"A white former Georgia police officer was found guilty of several lesser charges, but not on the murder charge he f… https://t.co/xYNyazlc0W",FALSE,110,NA,TRUE,NA,"1183815896420237312",NA,"<a href=""http://www.socialflow.com"" rel=""nofollow"">SocialFlow</a>","nytimes",75,FALSE,FALSE,NA,NA
"The Fort Worth police officer who shot and killed Atatiana Jefferson through her bedroom window resigned hours befo… https://t.co/DWTFxN4rTp",FALSE,319,NA,TRUE,NA,"1183812935417761799",NA,"<a href=""http://www.socialflow.com"" rel=""nofollow"">SocialFlow</a>","nytimes",164,FALSE,FALSE,NA,NA
"In an extensive memo to employees, NBC News president Noah Oppenheim described Ronan Farrow's reporting that the ne… https://t.co/kgYJxjLM6l",FALSE,143,NA,TRUE,NA,"1183809725139427336",NA,"<a href=""http://www.socialflow.com"" rel=""nofollow"">SocialFlow</a>","nytimes",59,FALSE,FALSE,NA,NA
"A New Jersey county in one of the bluest regions of the United States is facing mounting pressure to stop housing d… https://t.co/2xT4TtNrZS",FALSE,116,NA,TRUE,NA,"1183804775076433927",NA,"<a href=""http://www.socialflow.com"" rel=""nofollow"">SocialFlow</a>","nytimes",45,FALSE,FALSE,NA,NA
"""Expressing a desire to stick to sports is, itself, a political act,"" writes @JohnBranchNYT. ""It carries a bit of d… https://t.co/BmB84wfku8",FALSE,123,NA,TRUE,NA,"1183799668490289152",NA,"<a href=""http://www.socialflow.com"" rel=""nofollow"">SocialFlow</a>","nytimes",31,FALSE,FALSE,NA,NA
"In Opinion

Kanye West's Sunday Services are ""little more than concerts trading in aimless aphorisms and the cult o… https://t.co/AogNJSfKZD",FALSE,674,NA,TRUE,NA,"1183794637212917760",NA,"<a href=""http://www.socialflow.com"" rel=""nofollow"">SocialFlow</a>","nytimes",174,FALSE,FALSE,NA,NA
"@maggieNYT @AsteadWesley @jmartNYT @alexburnsNYT @llerer @patrickhealynyt Will there be any issues that dominate mo… https://t.co/CfF6Viy3Ph",FALSE,24,"nytimes",TRUE,"1183790387808391168","1183793714201845760","807095","<a href=""https://mobile.twitter.com"" rel=""nofollow"">Twitter Web App</a>","nytimes",3,FALSE,FALSE,NA,NA
"@maggieNYT @AsteadWesley @jmartNYT @alexburnsNYT @llerer @patrickhealynyt A reader asks, Why isn’t Pete Buttigieg d… https://t.co/iW2mJVbaOZ",FALSE,127,"nytimes",TRUE,"1183786636095754240","1183790387808391168","807095","<a href=""https://mobile.twitter.com"" rel=""nofollow"">Twitter Web App</a>","nytimes",33,FALSE,FALSE,NA,NA
"Wall Street investors may be in for a lot of bad news all at once at companies start reporting quarterly earnings t… https://t.co/xegn9yvMMZ",FALSE,100,NA,TRUE,NA,"1183789630044413953",NA,"<a href=""http://www.socialflow.com"" rel=""nofollow"">SocialFlow</a>","nytimes",45,FALSE,FALSE,NA,NA
"@maggieNYT @AsteadWesley @jmartNYT @alexburnsNYT @llerer @patrickhealynyt Which Democrat does President Trump most… https://t.co/IFwc092zS9",FALSE,48,"nytimes",TRUE,"1183783629396332544","1183786636095754240","807095","<a href=""https://mobile.twitter.com"" rel=""nofollow"">Twitter Web App</a>","nytimes",17,FALSE,FALSE,NA,NA
"Fortnite, one of the world’s most popular video games, has gone quiet. Here's what we know about the state of the g… https://t.co/D3REQhHiGo",FALSE,212,NA,TRUE,NA,"1183785558646181890",NA,"<a href=""http://www.socialflow.com"" rel=""nofollow"">SocialFlow</a>","nytimes",66,FALSE,FALSE,NA,NA
"@maggieNYT @AsteadWesley @jmartNYT @alexburnsNYT @llerer @patrickhealynyt Which Democrat has the most to lose in Tu… https://t.co/aqnVbKFkzB",FALSE,52,"nytimes",TRUE,"1183779545129857026","1183783629396332544","807095","<a href=""https://mobile.twitter.com"" rel=""nofollow"">Twitter Web App</a>","nytimes",5,FALSE,FALSE,NA,NA
"Live in 10 minutes: Our journalists preview Tuesday's Democratic debate, look at what to watch for, and answer your… https://t.co/aYF0MYdUVg",FALSE,153,NA,TRUE,NA,"1183779545129857026",NA,"<a href=""http://www.socialflow.com"" rel=""nofollow"">SocialFlow</a>","nytimes",37,FALSE,FALSE,NA,NA
"In August, the bank agreed to pay $16 million in a settlement with the SEC related to allegations that it had used… https://t.co/IjpOUtfA3U",FALSE,106,"nytimes",TRUE,"1183777400309444608","1183777519675281410","807095","<a href=""https://mobile.twitter.com"" rel=""nofollow"">Twitter Web App</a>","nytimes",47,FALSE,FALSE,NA,NA
"In a statement, a spokesman said Deutsche Bank had “thoroughly investigated and reported to authorities certain pas… https://t.co/ZtvZv8vuAX",FALSE,102,"nytimes",TRUE,"1183777398950641664","1183777400309444608","807095","<a href=""https://mobile.twitter.com"" rel=""nofollow"">Twitter Web App</a>","nytimes",43,FALSE,FALSE,NA,NA
"@SZ According to the documents, Deutsche Bank’s tactics included collaborating with family members of Wen Jiabao, C… https://t.co/mPqkrvpKD1",FALSE,59,"nytimes",TRUE,"1183777126862020609","1183777398950641664","807095","<a href=""https://mobile.twitter.com"" rel=""nofollow"">Twitter Web App</a>","nytimes",29,FALSE,FALSE,NA,NA
"@SZ Deutsche Bank’s scheme in China began nearly 2 decades ago, when it had virtually no presence there. And it wor… https://t.co/OCiqiRPz77",FALSE,44,"nytimes",TRUE,"1183777032028725253","1183777126862020609","807095","<a href=""https://mobile.twitter.com"" rel=""nofollow"">Twitter Web App</a>","nytimes",23,FALSE,FALSE,NA,NA
"The documents, obtained by the German newspaper @SZ and shared with NYT, reveal Deutsche Bank paid millions to Chin… https://t.co/mCQPMwWmzy",FALSE,76,"nytimes",TRUE,"1183775294949351430","1183777032028725253","807095","<a href=""https://mobile.twitter.com"" rel=""nofollow"">Twitter Web App</a>","nytimes",43,FALSE,FALSE,NA,NA
"In a brazen campaign to win business and become a major player in China, Deutsche Bank lavished gifts on members of… https://t.co/iXKpbBGSEf",FALSE,467,NA,TRUE,NA,"1183775294949351430",NA,"<a href=""http://www.socialflow.com"" rel=""nofollow"">SocialFlow</a>","nytimes",276,FALSE,FALSE,NA,NA
"A British man who admitted to sexually abusing scores of children was found dead under ""suspicious"" circumstances i… https://t.co/R2AUn69wj5",FALSE,389,NA,TRUE,NA,"1183774470735106049",NA,"<a href=""http://www.socialflow.com"" rel=""nofollow"">SocialFlow</a>","nytimes",110,FALSE,FALSE,NA,NA
"Ahead of Tuesday's Democratic debate, we asked political reporters past and present to explain how a single moment… https://t.co/QiaWff2PfB",FALSE,71,NA,TRUE,NA,"1183770730397343744",NA,"<a href=""http://www.socialflow.com"" rel=""nofollow"">SocialFlow</a>","nytimes",25,FALSE,FALSE,NA,NA
"The actress, singer and former K-pop band member Sulli, 25, was found dead in her home on Monday, police said. An o… https://t.co/ZKkpxYYOz4",FALSE,755,NA,TRUE,NA,"1183768350092091393",NA,"<a href=""http://www.socialflow.com"" rel=""nofollow"">SocialFlow</a>","nytimes",314,FALSE,FALSE,NA,NA
"President Trump tweeted that he'd be ""looking into the Scott Hapgood case,"" in which a banker from Connecticut was… https://t.co/KbZItWOYNI",FALSE,123,NA,TRUE,NA,"1183764433652334592",NA,"<a href=""http://www.socialflow.com"" rel=""nofollow"">SocialFlow</a>","nytimes",34,FALSE,FALSE,NA,NA
"""Rarely has a presidential decision resulted so immediately in what his own party leaders have described as disastr… https://t.co/GZTZ6k5QVf",FALSE,582,NA,TRUE,NA,"1183759391360798720",NA,"<a href=""http://www.socialflow.com"" rel=""nofollow"">SocialFlow</a>","nytimes",294,FALSE,FALSE,NA,NA
"Italian newspapers that have depicted Link University in Rome as either a shady diploma mill or den of spies are un… https://t.co/7OKYwXKgKC",FALSE,71,NA,TRUE,NA,"1183754337237000192",NA,"<a href=""http://www.socialflow.com"" rel=""nofollow"">SocialFlow</a>","nytimes",39,FALSE,FALSE,NA,NA
"As companies start reporting quarterly earnings this week, what they say about the future could jolt the stock mark… https://t.co/gBCLHT6pVD",FALSE,70,NA,TRUE,NA,"1183751836957851648",NA,"<a href=""http://www.socialflow.com"" rel=""nofollow"">SocialFlow</a>","nytimes",36,FALSE,FALSE,NA,NA
"""The witch is a feminine archetype who has authority over herself,"" says Pam Grossman, author and host of ""The Witc… https://t.co/JSRa2n1ePv",FALSE,542,NA,TRUE,NA,"1183749336024399873",NA,"<a href=""http://www.socialflow.com"" rel=""nofollow"">SocialFlow</a>","nytimes",97,FALSE,FALSE,NA,NA
"The White House has said President Trump “strongly condemns” a gruesome fake video depicting him shooting members o… https://t.co/jjuDBVjXTb",FALSE,498,NA,TRUE,NA,"1183747201496993792",NA,"<a href=""http://www.socialflow.com"" rel=""nofollow"">SocialFlow</a>","nytimes",222,FALSE,FALSE,NA,NA
"In the past year, at least 5 states and numerous cities have joined a long list of places to officially recognize I… https://t.co/xg88qRLZ9P",FALSE,944,NA,TRUE,NA,"1183744309381730304",NA,"<a href=""http://www.socialflow.com"" rel=""nofollow"">SocialFlow</a>","nytimes",334,FALSE,FALSE,NA,NA
"Fiona Hill, President Trump’s former top Russia and Europe adviser, prepared to testify that she and other official… https://t.co/1oyof8nCyh",FALSE,5716,NA,TRUE,NA,"1183740261597360128",NA,"<a href=""http://www.socialflow.com"" rel=""nofollow"">SocialFlow</a>","nytimes",2288,FALSE,FALSE,NA,NA
"200 Micronesian workers made the 7,000-mile journey to the cornfields and hog farms of western Iowa. They say they… https://t.co/oATicq2UKJ",FALSE,135,NA,TRUE,NA,"1183739249830567937",NA,"<a href=""http://www.socialflow.com"" rel=""nofollow"">SocialFlow</a>","nytimes",74,FALSE,FALSE,NA,NA
"The governing Fidesz party in Hungary lost the mayoralty of Budapest and 10 other cities in a campaign dominated by… https://t.co/Rg9gYc6Q5b",FALSE,87,NA,TRUE,NA,"1183736757340258304",NA,"<a href=""http://www.socialflow.com"" rel=""nofollow"">SocialFlow</a>","nytimes",38,FALSE,FALSE,NA,NA
"A Missouri deputy shot and killed a man in 2017 because he was reaching for her Taser, and was awarded a medal of v… https://t.co/JB9QfjihF1",FALSE,340,NA,TRUE,NA,"1183734211099930625",NA,"<a href=""http://www.socialflow.com"" rel=""nofollow"">SocialFlow</a>","nytimes",235,FALSE,FALSE,NA,NA
"For 2 weeks in August, a multimillion-dollar search from air, land and sea sought to solve the 80-year mystery of A… https://t.co/FNbOX6svPg",FALSE,153,NA,TRUE,NA,"1183729220121481218",NA,"<a href=""http://www.socialflow.com"" rel=""nofollow"">SocialFlow</a>","nytimes",48,FALSE,FALSE,NA,NA
"10 years after Congress gave the F.D.A. the power to regulate tobacco products like e-cigarettes, the federal gover… https://t.co/HyMBajM2lb",FALSE,264,NA,TRUE,NA,"1183724159043559430",NA,"<a href=""http://www.socialflow.com"" rel=""nofollow"">SocialFlow</a>","nytimes",105,FALSE,FALSE,NA,NA
"The Indian government partially restored cellphone service in the Kashmir Valley, home to about 8 million people. A… https://t.co/nVBPqAMbr5",FALSE,222,NA,TRUE,NA,"1183721664317657089",NA,"<a href=""http://www.socialflow.com"" rel=""nofollow"">SocialFlow</a>","nytimes",75,FALSE,FALSE,NA,NA
"For 24 hours last week, Trey Gowdy, the former South Carolina congressman best known for leading investigations of… https://t.co/dYpjE8dP9x",FALSE,277,NA,TRUE,NA,"1183719137467682816",NA,"<a href=""http://www.socialflow.com"" rel=""nofollow"">SocialFlow</a>","nytimes",82,FALSE,FALSE,NA,NA
"Representative Tulsi Gabbard said that she would participate in Tuesday's Democratic debate after raising the possi… https://t.co/bhJLXtkDHf",FALSE,206,NA,TRUE,NA,"1183718089680179200",NA,"<a href=""http://www.socialflow.com"" rel=""nofollow"">SocialFlow</a>","nytimes",60,FALSE,FALSE,NA,NA
"Despite Elizabeth Warren’s upward momentum in polls and fund-raising, she lacks the support of a single governor, b… https://t.co/d4R4ExDwgg",FALSE,192,NA,TRUE,NA,"1183714147621572608",NA,"<a href=""http://www.socialflow.com"" rel=""nofollow"">SocialFlow</a>","nytimes",55,FALSE,FALSE,NA,NA
"Some US troops who fought alongside Kurdish forces in Syria expressed shame about the US pullback: “It’s a stain on… https://t.co/S8mBOLZf51",FALSE,826,NA,TRUE,NA,"1183709068994777088",NA,"<a href=""http://www.socialflow.com"" rel=""nofollow"">SocialFlow</a>","nytimes",404,FALSE,FALSE,NA,NA
"The Syrian Army invaded the town of Tel Tamer in northeastern Syria, state media reported, soon after the Syrian go… https://t.co/uXQaLIYBxj",FALSE,124,NA,TRUE,NA,"1183706493734080512",NA,"<a href=""http://www.socialflow.com"" rel=""nofollow"">SocialFlow</a>","nytimes",70,FALSE,FALSE,NA,NA
"Residents of a largely white suburb of Baton Rouge will establish a new city called St. George. This will take cont… https://t.co/zUNZEdtL6p",FALSE,337,NA,TRUE,NA,"1183699006637170688",NA,"<a href=""http://www.socialflow.com"" rel=""nofollow"">SocialFlow</a>","nytimes",287,FALSE,FALSE,NA,NA
"The Spanish Supreme Court sentenced former leaders of the Catalan independence movement to lengthy prison terms aft… https://t.co/bSP7AHMmpk",FALSE,212,NA,TRUE,NA,"1183696006808002569",NA,"<a href=""http://www.socialflow.com"" rel=""nofollow"">SocialFlow</a>","nytimes",144,FALSE,FALSE,NA,NA
"The current Democratic candidates for president have spent more on Facebook ads this year than they have on TV. Her… https://t.co/DRA79Xehpd",FALSE,123,NA,TRUE,NA,"1183693957961801728",NA,"<a href=""http://www.socialflow.com"" rel=""nofollow"">SocialFlow</a>","nytimes",60,FALSE,FALSE,NA,NA
"A homemade bomb was detonated in Hong Kong on Sunday amid violent protests, the police said, showing an escalation… https://t.co/FovyVdjsqF",FALSE,119,NA,TRUE,NA,"1183689919803379712",NA,"<a href=""http://www.socialflow.com"" rel=""nofollow"">SocialFlow</a>","nytimes",65,FALSE,FALSE,NA,NA
"2 weeks after suffering a heart attack, Bernie Sanders will be trying to convince voters he has the strength to run… https://t.co/BFimnnDAnI",FALSE,174,NA,TRUE,NA,"1183688921986801665",NA,"<a href=""http://www.socialflow.com"" rel=""nofollow"">SocialFlow</a>","nytimes",44,FALSE,FALSE,NA,NA
"Breaking News: The Nobel prize in economic sciences was jointly awarded to 3 professors for their experimental work… https://t.co/qq1U7GMLnN",FALSE,831,NA,TRUE,NA,"1183683957814112257",NA,"<a href=""http://www.socialflow.com"" rel=""nofollow"">SocialFlow</a>","nytimes",314,FALSE,FALSE,NA,NA
"The reopening of Britain's Parliament starts with a speech by Queen Elizabeth II, among other ancient traditions an… https://t.co/VLVavR6tyX",FALSE,142,NA,TRUE,NA,"1183683891439308800",NA,"<a href=""http://www.socialflow.com"" rel=""nofollow"">SocialFlow</a>","nytimes",53,FALSE,FALSE,NA,NA
"Cho Kuk, a key ally of President Moon Jae-in of South Korea, stepped down as justice minister – a victory for South… https://t.co/MFePdZAZKi",FALSE,237,NA,TRUE,NA,"1183680380257345537",NA,"<a href=""http://www.socialflow.com"" rel=""nofollow"">SocialFlow</a>","nytimes",86,FALSE,FALSE,NA,NA
"Much of Hong Kong's protest art channels pop-cultural aesthetics from sources like Marvel Comics and Japanese anime… https://t.co/WwUmWnGVMf",FALSE,615,NA,TRUE,NA,"1183678855376228352",NA,"<a href=""http://www.socialflow.com"" rel=""nofollow"">SocialFlow</a>","nytimes",384,FALSE,FALSE,NA,NA
"In Opinion

""The federal holiday honoring the Italian explorer Christopher Columbus — celebrated on Monday — was ce… https://t.co/yWHYg38rcu",FALSE,206,NA,TRUE,NA,"1183673805773983747",NA,"<a href=""http://www.socialflow.com"" rel=""nofollow"">SocialFlow</a>","nytimes",112,FALSE,FALSE,NA,NA
"The Kurds forged a deal with onetime enemies in Bashar al-Assad's government to help combat the Turkish military. L… https://t.co/PN9TWcwv6M",FALSE,192,NA,TRUE,NA,"1183671305209569282",NA,"<a href=""http://www.socialflow.com"" rel=""nofollow"">SocialFlow</a>","nytimes",120,FALSE,FALSE,NA,NA
"In case after case in recent years, American executives have yielded to Chinese demands to tailor their words and p… https://t.co/BEzhxKGMf7",FALSE,89,NA,TRUE,NA,"1183668837188882432",NA,"<a href=""http://www.socialflow.com"" rel=""nofollow"">SocialFlow</a>","nytimes",35,FALSE,FALSE,NA,NA
"The Communist Party has spent decades preparing the Chinese people for a moment like this. The stir over Hong Kong’… https://t.co/hfzZhzdsJs",FALSE,1550,NA,TRUE,NA,"1183663748323729408",NA,"<a href=""http://www.socialflow.com"" rel=""nofollow"">SocialFlow</a>","nytimes",1056,FALSE,FALSE,NA,NA
"2 weeks after Afghans braved deadly Taliban attacks in order to vote for a new president, the vote tallying remaine… https://t.co/d779IgXMq1",FALSE,75,NA,TRUE,NA,"1183658711107145729",NA,"<a href=""http://www.socialflow.com"" rel=""nofollow"">SocialFlow</a>","nytimes",33,FALSE,FALSE,NA,NA
"After imposing a sweeping communications blackout in Kashmir 2 months ago, the Indian authorities announced that ce… https://t.co/KH399pA4F2",FALSE,86,NA,TRUE,NA,"1183653737996394496",NA,"<a href=""http://www.socialflow.com"" rel=""nofollow"">SocialFlow</a>","nytimes",32,FALSE,FALSE,NA,NA
"In Opinion

""The 2014 military coup against the democratically elected government of Yingluck Shinawatra prompted h… https://t.co/3Rrxgm6gFd",FALSE,74,NA,TRUE,NA,"1183648645620666368",NA,"<a href=""http://www.socialflow.com"" rel=""nofollow"">SocialFlow</a>","nytimes",32,FALSE,FALSE,NA,NA
"Hong Kong's Disneyland is normally crowded, but 4 months of protests have clearly dented the mood at The Happiest P… https://t.co/EIQ02TpvXn",FALSE,240,NA,TRUE,NA,"1183643611445022720",NA,"<a href=""http://www.socialflow.com"" rel=""nofollow"">SocialFlow</a>","nytimes",80,FALSE,FALSE,NA,NA
"Europe morning briefing: Here's what you need to know to start your day https://t.co/bY0ZU8EzgT",FALSE,76,NA,FALSE,NA,"1183638605408931840",NA,"<a href=""http://www.socialflow.com"" rel=""nofollow"">SocialFlow</a>","nytimes",26,FALSE,FALSE,NA,NA
"“They trusted us and we broke that trust,” one U.S. Army officer who has worked alongside the Kurds in northern Syr… https://t.co/M3gvrSTPt7",FALSE,3464,NA,TRUE,NA,"1183633549049643008",NA,"<a href=""http://www.socialflow.com"" rel=""nofollow"">SocialFlow</a>","nytimes",1402,FALSE,FALSE,NA,NA
"Police officers in New Haven staged a sting operation at a McDonald’s parking lot known for its raucous drag-racing… https://t.co/qtVE0Zlsw5",FALSE,204,NA,TRUE,NA,"1183628511996719105",NA,"<a href=""http://www.socialflow.com"" rel=""nofollow"">SocialFlow</a>","nytimes",57,FALSE,FALSE,NA,NA
"For 24 hours last week, Trey Gowdy, the former congressman best known for leading investigations of Hillary Clinton… https://t.co/IaVjfwD1T7",FALSE,364,NA,TRUE,NA,"1183623525636157441",NA,"<a href=""http://www.socialflow.com"" rel=""nofollow"">SocialFlow</a>","nytimes",127,FALSE,FALSE,NA,NA
"2 teenagers in Ohio have been charged with reckless homicide after a 44-year-old photographer was killed after bein… https://t.co/VP8lU468rX",FALSE,181,NA,TRUE,NA,"1183618455137869827",NA,"<a href=""http://www.socialflow.com"" rel=""nofollow"">SocialFlow</a>","nytimes",55,FALSE,FALSE,NA,NA
"The government of Ecuador and Indigenous leaders began talks to end 11 days of protests over austerity policies tha… https://t.co/JDTqoVakLw",FALSE,410,NA,TRUE,NA,"1183611655680331776",NA,"<a href=""http://www.socialflow.com"" rel=""nofollow"">SocialFlow</a>","nytimes",243,FALSE,FALSE,NA,NA
"The Houston Astros tied the American League Championship Series with an extra-inning win over the New York Yankees https://t.co/Qb7fX2z0ko",FALSE,214,NA,FALSE,NA,"1183608573915553792",NA,"<a href=""http://www.socialflow.com"" rel=""nofollow"">SocialFlow</a>","nytimes",54,FALSE,FALSE,NA,NA
"Before he was shot by a bouncer, who was killed in the crossfire, a poker player in Brooklyn had killed 2 of his ow… https://t.co/Eaie10St6f",FALSE,98,NA,TRUE,NA,"1183603348240588800",NA,"<a href=""http://www.socialflow.com"" rel=""nofollow"">SocialFlow</a>","nytimes",50,FALSE,FALSE,NA,NA
"A call from an irked President Trump to the Fox News CEO suggests a crack in the alliance between the president and… https://t.co/fevzC9qrQp",FALSE,505,NA,TRUE,NA,"1183598332515622912",NA,"<a href=""http://www.socialflow.com"" rel=""nofollow"">SocialFlow</a>","nytimes",164,FALSE,FALSE,NA,NA
"Coco Gauff is the youngest WTA singles champion in 15 years, since Nicole Vaidisova won 2 WTA titles in 2004, also… https://t.co/nFPNUvRo4s",FALSE,1727,NA,TRUE,NA,"1183593322843119616",NA,"<a href=""http://www.socialflow.com"" rel=""nofollow"">SocialFlow</a>","nytimes",246,FALSE,FALSE,NA,NA
"Live Updates: The Yankees will try for a 2-0 lead in the American League Championship Series as they face the Astro… https://t.co/jgkQrmc3w6",FALSE,99,NA,TRUE,NA,"1183575670619815936",NA,"<a href=""http://www.socialflow.com"" rel=""nofollow"">SocialFlow</a>","nytimes",21,FALSE,FALSE,NA,NA
"A video depicting a fake President Trump shooting, stabbing and brutally assaulting members of the news media and h… https://t.co/IezZVx43JM",FALSE,1032,NA,TRUE,NA,"1183571903933566976",NA,"<a href=""http://www.socialflow.com"" rel=""nofollow"">SocialFlow</a>","nytimes",756,FALSE,FALSE,NA,NA
"Update: Panicked shoppers fled a Florida mall after believing they heard gunshots, prompting the police to lock it… https://t.co/olVUOIccQQ",FALSE,130,"nytimes",TRUE,"1183517815795523584","1183568468890849280","807095","<a href=""http://www.socialflow.com"" rel=""nofollow"">SocialFlow</a>","nytimes",51,FALSE,FALSE,NA,NA
"Gunmen dressed in soccer uniforms halted an express bus on a main highway in Myanmar on Friday and kidnapped 31 peo… https://t.co/ZIGPR2jIGf",FALSE,109,NA,TRUE,NA,"1183560571347705856",NA,"<a href=""http://www.socialflow.com"" rel=""nofollow"">SocialFlow</a>","nytimes",105,FALSE,FALSE,NA,NA
"Breaking News: America’s former Kurdish allies in Syria made a deal with Damascus — a Washington foe  — after the o… https://t.co/a0RlsTaMHz",FALSE,972,NA,TRUE,NA,"1183541479945441280",NA,"<a href=""http://www.nytimes.com/twitter"" rel=""nofollow"">The New York Times</a>","nytimes",738,FALSE,FALSE,NA,NA
"In Ohio, where Democratic presidential candidates will gather for their 4th primary debate, unemployment is down an… https://t.co/IiHNeJ2cdj",FALSE,96,NA,TRUE,NA,"1183472487729913857",NA,"<a href=""http://www.socialflow.com"" rel=""nofollow"">SocialFlow</a>","nytimes",39,FALSE,FALSE,NA,NA
"“The world is on fire and we need a lot to get done.” Morgan Harper’s primary campaign to unseat Rep. Joyce Beatty… https://t.co/AG6vlEG0mR",FALSE,182,NA,TRUE,NA,"1183467449695559680",NA,"<a href=""http://www.socialflow.com"" rel=""nofollow"">SocialFlow</a>","nytimes",52,FALSE,FALSE,NA,NA
"President Trump assailed the impeachment inquiry during a speech at the Values Voter Summit on Saturday night, tell… https://t.co/b9SPd2VQwO",FALSE,190,NA,TRUE,NA,"1183462440215945217",NA,"<a href=""http://www.socialflow.com"" rel=""nofollow"">SocialFlow</a>","nytimes",78,FALSE,FALSE,NA,NA
"Brigid Kosgei of Kenya set a women's world record in the Chicago Marathon on Sunday, completing the race in 2 hours… https://t.co/zpE4Jivhr5",FALSE,427,NA,TRUE,NA,"1183457395994845184",NA,"<a href=""http://www.socialflow.com"" rel=""nofollow"">SocialFlow</a>","nytimes",87,FALSE,FALSE,NA,NA
"In Japan, which prides itself on robust infrastructure and preparedness in the face of frequent natural disasters, … https://t.co/RcK9Xd6yPn",FALSE,229,NA,TRUE,NA,"1183452360523337729",NA,"<a href=""http://www.socialflow.com"" rel=""nofollow"">SocialFlow</a>","nytimes",94,FALSE,FALSE,NA,NA
"“They trusted us and we broke that trust.” With the White House revoking protection for Kurdish fighters, some of t… https://t.co/Z6OT5aX4ty",FALSE,3042,NA,TRUE,NA,"1183447331825508359",NA,"<a href=""http://www.socialflow.com"" rel=""nofollow"">SocialFlow</a>","nytimes",1661,FALSE,FALSE,NA,NA
"President Trump ordered a withdrawal of American forces from northern Syria, Defense Secretary Mark Esper said, whi… https://t.co/uNUBP6SOrt",FALSE,374,NA,TRUE,NA,"1183442326485684231",NA,"<a href=""http://www.socialflow.com"" rel=""nofollow"">SocialFlow</a>","nytimes",237,FALSE,FALSE,NA,NA
"As Cory Booker intensifies his Iowa campaign, he has the backing of more than 80 family members living in the Des M… https://t.co/rywrQ3OwSO",FALSE,226,NA,TRUE,NA,"1183437254783655937",NA,"<a href=""http://www.socialflow.com"" rel=""nofollow"">SocialFlow</a>","nytimes",38,FALSE,FALSE,NA,NA
"Russia has long been suspected of bombing hospitals in Syria. Here's how we reported our visual investigation — ana… https://t.co/v4gHKlr2IP",FALSE,1474,NA,TRUE,NA,"1183434763367075840",NA,"<a href=""http://www.socialflow.com"" rel=""nofollow"">SocialFlow</a>","nytimes",981,FALSE,FALSE,NA,NA
"The diplomatic immunity of Anne Sacoolas, the American woman who is a suspect in a road crash that killed Harry Dun… https://t.co/lNavZg8AP0",FALSE,230,NA,TRUE,NA,"1183432237573955585",NA,"<a href=""http://www.socialflow.com"" rel=""nofollow"">SocialFlow</a>","nytimes",83,FALSE,FALSE,NA,NA
"The deadly Sandalwood Fire in California was sparked by a garbage truck dumping a load of burning trash on the side… https://t.co/uXYSlLFWGP",FALSE,141,NA,TRUE,NA,"1183427216681721857",NA,"<a href=""http://www.socialflow.com"" rel=""nofollow"">SocialFlow</a>","nytimes",86,FALSE,FALSE,NA,NA
"The Chicago Marathon means business. Here’s how the race became known as one of the fastest in the world. https://t.co/adeIcIc6zZ",FALSE,191,NA,FALSE,NA,"1183419643580633088",NA,"<a href=""http://www.socialflow.com"" rel=""nofollow"">SocialFlow</a>","nytimes",38,FALSE,FALSE,NA,NA
"This week on “Saturday Night Live,” David Harbour hosted and Billy Porter, Woody Harrelson and Lin-Manuel Miranda a… https://t.co/X1UEpBXGFV",FALSE,237,NA,TRUE,NA,"1183415880463650822",NA,"<a href=""http://www.socialflow.com"" rel=""nofollow"">SocialFlow</a>","nytimes",23,FALSE,FALSE,NA,NA
"White liberals are thinking more explicitly about race than they did even a decade ago, according to new research a… https://t.co/AT1yAKXW5h",FALSE,181,NA,TRUE,NA,"1183412098774241280",NA,"<a href=""http://www.socialflow.com"" rel=""nofollow"">SocialFlow</a>","nytimes",51,FALSE,FALSE,NA,NA
"President Trump had lunch on Saturday with Rudy Giuliani at the president’s golf course in Sterling, Virginia, amid… https://t.co/mt0D0gAXuU",FALSE,382,NA,TRUE,NA,"1183407060471500801",NA,"<a href=""http://www.socialflow.com"" rel=""nofollow"">SocialFlow</a>","nytimes",196,FALSE,FALSE,NA,NA
"New York City banned cars on 14th Street. “So how has this all played out? As a phenomenal success,” writes Ginia B… https://t.co/g4ND4kTB7o",FALSE,770,NA,TRUE,NA,"1183402028363636736",NA,"<a href=""http://www.socialflow.com"" rel=""nofollow"">SocialFlow</a>","nytimes",193,FALSE,FALSE,NA,NA
"President Trump defended Rudy Giuliani on Twitter on Saturday morning. On Friday, Trump was far less emphatic when… https://t.co/H8TONHW59q",FALSE,158,NA,TRUE,NA,"1183397079030337538",NA,"<a href=""http://www.socialflow.com"" rel=""nofollow"">SocialFlow</a>","nytimes",63,FALSE,FALSE,NA,NA
"Simone Biles won 2 more golds at the world gymnastics championships Sunday, bringing her career medal total to 25 a… https://t.co/CJXGE3lBdn",FALSE,12797,NA,TRUE,NA,"1183390709879058438",NA,"<a href=""http://www.socialflow.com"" rel=""nofollow"">SocialFlow</a>","nytimes",2614,FALSE,FALSE,NA,NA
"Listen to part one of June and Angie Provost’s story here https://t.co/SnRv3hiylI",FALSE,112,"nytimes",FALSE,"1183386840096759808","1183387209073856512","807095","<a href=""https://about.twitter.com/products/tweetdeck"" rel=""nofollow"">TweetDeck</a>","nytimes",35,FALSE,FALSE,NA,NA
"The Provosts had worked the same land for generations. When it became harder and harder to keep hold of that land,… https://t.co/uX65QIKTg7",FALSE,95,"nytimes",TRUE,"1183385672234754050","1183386840096759808","807095","<a href=""https://about.twitter.com/products/tweetdeck"" rel=""nofollow"">TweetDeck</a>","nytimes",31,FALSE,FALSE,NA,NA
"For the finale of “1619,” our podcast from the #1619Project, we hear the rest of June and Angie Provost’s story, an… https://t.co/zgLS4CMnde",FALSE,211,NA,TRUE,NA,"1183385672234754050",NA,"<a href=""http://www.socialflow.com"" rel=""nofollow"">SocialFlow</a>","nytimes",53,FALSE,FALSE,NA,NA
"A car plowed into the back of a hayride carrying 12 adults in Illinois, sending 11 people to local hospitals, 3 of… https://t.co/ojUSiI4KIV",FALSE,59,NA,TRUE,NA,"1183381963916414979",NA,"<a href=""http://www.socialflow.com"" rel=""nofollow"">SocialFlow</a>","nytimes",29,FALSE,FALSE,NA,NA
"Breaking News: Hunter Biden, whose business ties have been a target of President Trump,  intends to step down from… https://t.co/oBu3BZRmK1",FALSE,2605,NA,TRUE,NA,"1183379189619146753",NA,"<a href=""http://www.socialflow.com"" rel=""nofollow"">SocialFlow</a>","nytimes",1089,FALSE,FALSE,NA,NA
"Hundreds of ISIS supporters escaped a detention camp in northern Syria, where the U.S. is preparing to pull out abo… https://t.co/MyF5kbtlUy",FALSE,1923,NA,TRUE,NA,"1183378120788844544",NA,"<a href=""http://www.socialflow.com"" rel=""nofollow"">SocialFlow</a>","nytimes",1753,FALSE,FALSE,NA,NA
"Did you stay up to date this week? Take this week's news quiz. https://t.co/1UHBnolT4d",FALSE,59,NA,FALSE,NA,"1183376868822659073",NA,"<a href=""http://www.socialflow.com"" rel=""nofollow"">SocialFlow</a>","nytimes",13,FALSE,FALSE,NA,NA
"Japan woke on Sunday morning to flooded rivers and burst levees, as emergency workers used helicopters and boats to… https://t.co/Ijv9Q2zseN",FALSE,267,NA,TRUE,NA,"1183371825977446400",NA,"<a href=""http://www.socialflow.com"" rel=""nofollow"">SocialFlow</a>","nytimes",129,FALSE,FALSE,NA,NA
"Russia's military support of President Bashar Al Assad was a turning point in the Syrian conflict as superior air p… https://t.co/LmimPKZbWk",FALSE,1752,"nytimes",TRUE,"1183367449636462593","1183367884904583169","807095","<a href=""https://mobile.twitter.com"" rel=""nofollow"">Twitter Web App</a>","nytimes",1465,FALSE,FALSE,NA,NA
"Doctors were treating patients at Syria’s Kafr Nabl hospital when the Russians bombed it. “Everyone in the hospital… https://t.co/BA8fMWYdvf",FALSE,2337,"nytimes",TRUE,"1183366929559490560","1183367449636462593","807095","<a href=""https://mobile.twitter.com"" rel=""nofollow"">Twitter Web App</a>","nytimes",2131,FALSE,FALSE,NA,NA
"Nabad al Hayat hospital was empty when the Russians bombed it. But another, Kafr Nabl, was not. Video shows it was… https://t.co/LB7hGALDIw",FALSE,1743,"nytimes",TRUE,"1183366463857582083","1183366929559490560","807095","<a href=""https://mobile.twitter.com"" rel=""nofollow"">Twitter Web App</a>","nytimes",1425,FALSE,FALSE,NA,NA
"We also decoded Russian Air Force communications. Here’s a recording of a Russian pilot confirming coordinates that… https://t.co/0VJIXZ1k19",FALSE,2516,"nytimes",TRUE,"1183365880056598528","1183366463857582083","807095","<a href=""https://mobile.twitter.com"" rel=""nofollow"">Twitter Web App</a>","nytimes",2151,FALSE,FALSE,NA,NA
"Here’s how we confirmed the Russians were responsible for the Nabad al Hayat strike: First, witnesses reported that… https://t.co/VefkHd7aBG",FALSE,2657,"nytimes",TRUE,"1183365398076579841","1183365880056598528","807095","<a href=""https://mobile.twitter.com"" rel=""nofollow"">Twitter Web App</a>","nytimes",2038,FALSE,FALSE,NA,NA
"This video shows what military experts described as a precision strike on a major trauma center in Syria, Nabad al… https://t.co/WM7SOYW3c4",FALSE,4168,"nytimes",TRUE,"1183364864762404869","1183365398076579841","807095","<a href=""https://mobile.twitter.com"" rel=""nofollow"">Twitter Web App</a>","nytimes",3856,FALSE,FALSE,NA,NA
"Russia's military helped save Bashar al-Assad’s regime in Syria. Our visual investigation shows that included bombi… https://t.co/Vnj2DPXxEx",FALSE,8684,NA,TRUE,NA,"1183364864762404869",NA,"<a href=""http://www.socialflow.com"" rel=""nofollow"">SocialFlow</a>","nytimes",8211,FALSE,FALSE,NA,NA
"The most common question Daley and Logan South, who have been in an open and polyamorous relationship since they me… https://t.co/W01TnBfpfm",FALSE,104,NA,TRUE,NA,"1183359909649440768",NA,"<a href=""http://www.socialflow.com"" rel=""nofollow"">SocialFlow</a>","nytimes",17,FALSE,FALSE,NA,NA
"A new opera about the perils of migrant journeys is being staged in Sicily, a destination for many refugees crossin… https://t.co/UMIvhAPqME",FALSE,120,NA,TRUE,NA,"1183352118675202049",NA,"<a href=""http://www.socialflow.com"" rel=""nofollow"">SocialFlow</a>","nytimes",43,FALSE,FALSE,NA,NA
"In a case that could test the online pornography industry, the owners and 2 employees of 2 popular pornographic web… https://t.co/SYqaMFLmYH",FALSE,224,NA,TRUE,NA,"1183344144481214464",NA,"<a href=""http://www.socialflow.com"" rel=""nofollow"">SocialFlow</a>","nytimes",88,FALSE,FALSE,NA,NA
"This recipe makes the perfect breakfast, brunch or sweet treat for a lazy weekend https://t.co/AVGvtcLgUk https://t.co/qrVV6jPtGf",FALSE,258,NA,FALSE,NA,"1183326533458583562",NA,"<a href=""http://www.socialflow.com"" rel=""nofollow"">SocialFlow</a>","nytimes",48,FALSE,FALSE,NA,NA
"Penzeys Spices, a family-owned company in Wisconsin, spent nearly $120,000 on political Facebook ads over the cours… https://t.co/uxbn8qFH9H",FALSE,1103,NA,TRUE,NA,"1183321520040529920",NA,"<a href=""http://www.socialflow.com"" rel=""nofollow"">SocialFlow</a>","nytimes",214,FALSE,FALSE,NA,NA
"Monarch butterflies thrive on a toxic plant. Scientists have finally unraveled the gene mutations that make that po… https://t.co/t4h1TW1jJf",FALSE,355,NA,TRUE,NA,"1183307183850696704",NA,"<a href=""http://www.socialflow.com"" rel=""nofollow"">SocialFlow</a>","nytimes",110,FALSE,FALSE,NA,NA
"City parks don't look like they used to. Some of them are now 70 feet in the air, on top of transit centers or are… https://t.co/nXnb31ZbQd",FALSE,346,NA,TRUE,NA,"1183299158683373569",NA,"<a href=""http://www.socialflow.com"" rel=""nofollow"">SocialFlow</a>","nytimes",101,FALSE,FALSE,NA,NA
"Unesco designated the volcanoes of Kamchatka a world heritage site because of what it called their exceptional beau… https://t.co/Q5P7XQJNe6",FALSE,241,NA,TRUE,NA,"1183291335966625792",NA,"<a href=""http://www.socialflow.com"" rel=""nofollow"">SocialFlow</a>","nytimes",71,FALSE,FALSE,NA,NA
"Airbnb has announced ""Airbnb Animal Experiences,"" with some that cost $500 or more. The company says it will have a… https://t.co/evSR0rtAc7",FALSE,181,NA,TRUE,NA,"1183276646272516096",NA,"<a href=""http://www.socialflow.com"" rel=""nofollow"">SocialFlow</a>","nytimes",50,FALSE,FALSE,NA,NA
"Gary Busey is playing God in a new musical and @sopandeb’s interview with the actor is exactly what you think it wo… https://t.co/uZaOhZM82v",FALSE,123,NA,TRUE,NA,"1183268888789880833",NA,"<a href=""http://www.socialflow.com"" rel=""nofollow"">SocialFlow</a>","nytimes",35,FALSE,FALSE,NA,NA
"It has nourished civilizations for millenniums, but now the Mekong River and its astonishingly diverse ecosystem ar… https://t.co/z8lY7ERcrK",FALSE,181,NA,TRUE,NA,"1183261117709242368",NA,"<a href=""http://www.socialflow.com"" rel=""nofollow"">SocialFlow</a>","nytimes",86,FALSE,FALSE,NA,NA
"20 years after his smash hit novel, ""The Perks of Being a Wallflower,"" Stephen Chbosky returns with ""Imaginary Frie… https://t.co/oQKNPtI99S",FALSE,346,NA,TRUE,NA,"1183246372327305216",NA,"<a href=""http://www.socialflow.com"" rel=""nofollow"">SocialFlow</a>","nytimes",62,FALSE,FALSE,NA,NA
"Australia’s northern coast is a case study on the impacts of a warming planet. But small-town leaders there are str… https://t.co/akixt7WQZB",FALSE,248,NA,TRUE,NA,"1183238455972827136",NA,"<a href=""http://www.socialflow.com"" rel=""nofollow"">SocialFlow</a>","nytimes",80,FALSE,FALSE,NA,NA
"A study estimates that residential laundry in the U.S. produces 179 million metric tons of carbon dioxide emissions… https://t.co/OpSe8c1ea5",FALSE,269,NA,TRUE,NA,"1183209188526346240",NA,"<a href=""http://www.socialflow.com"" rel=""nofollow"">SocialFlow</a>","nytimes",120,FALSE,FALSE,NA,NA
"“We’re getting to the point where if you use plastic, you get shamed,"" said Emma Rose Cohen, a founder of FinalStra… https://t.co/t4jjZf66ZS",FALSE,381,NA,TRUE,NA,"1183201211987697664",NA,"<a href=""http://www.socialflow.com"" rel=""nofollow"">SocialFlow</a>","nytimes",98,FALSE,FALSE,NA,NA
"Elizabeth Warren bought a political ad on Facebook this past week that purposefully includes false claims about Mar… https://t.co/oZMqNuPaOr",FALSE,2155,NA,TRUE,NA,"1183193173771915264",NA,"<a href=""http://www.socialflow.com"" rel=""nofollow"">SocialFlow</a>","nytimes",455,FALSE,FALSE,NA,NA
"Several candidates are running in a primary election to unseat Governor John Bel Edwards, a Democrat, in Louisiana.… https://t.co/rHw6YP5HVX",FALSE,60,NA,TRUE,NA,"1183185612951736322",NA,"<a href=""http://www.socialflow.com"" rel=""nofollow"">SocialFlow</a>","nytimes",29,FALSE,FALSE,NA,NA
"The Houston Rockets could lose around $25 million in sponsorships this season following the clash with China, accor… https://t.co/bMfS8k99Mz",FALSE,642,NA,TRUE,NA,"1183180563370389510",NA,"<a href=""http://www.socialflow.com"" rel=""nofollow"">SocialFlow</a>","nytimes",519,FALSE,FALSE,NA,NA
"It’s worth investing in good olive oil; every ingredient matters, because there are so few, and you can taste them… https://t.co/mBbwkzB1tA",FALSE,205,NA,TRUE,NA,"1183175532818698242",NA,"<a href=""http://www.socialflow.com"" rel=""nofollow"">SocialFlow</a>","nytimes",45,FALSE,FALSE,NA,NA
"A Texas police officer shot and killed a woman, Atatiana Jefferson, inside her own home early on Saturday while res… https://t.co/g5xX7AWyCL",FALSE,340,NA,TRUE,NA,"1183173007927320576",NA,"<a href=""http://www.socialflow.com"" rel=""nofollow"">SocialFlow</a>","nytimes",339,FALSE,FALSE,NA,NA
"On Saturday morning in Vienna, Eliud Kipchoge of Kenya ran 26.2 miles in a once-inconceivable time of 1 hour 59 min… https://t.co/ut6JRxqKNa",FALSE,1914,NA,TRUE,NA,"1183170570734702592",NA,"<a href=""http://www.socialflow.com"" rel=""nofollow"">SocialFlow</a>","nytimes",397,FALSE,FALSE,NA,NA
"The Trump administration changed the rules for Americans traveling to Cuba in June, but it didn't close down touris… https://t.co/8t6dLbGHYD",FALSE,192,NA,TRUE,NA,"1183158012170719232",NA,"<a href=""http://www.socialflow.com"" rel=""nofollow"">SocialFlow</a>","nytimes",80,FALSE,FALSE,NA,NA
"Here, sour is a power move, hitting you all the way at the back of your tongue. Whole serrano chiles bring a low-fr… https://t.co/K2LZnCzQwV",FALSE,135,NA,TRUE,NA,"1183145332743516161",NA,"<a href=""http://www.socialflow.com"" rel=""nofollow"">SocialFlow</a>","nytimes",19,FALSE,FALSE,NA,NA
"TikTok offers an endless scroll of creativity and goofing off, told in 15-second snippets. What did 5 critics see w… https://t.co/dtFu1mmf7T",FALSE,223,NA,TRUE,NA,"1183140320214695936",NA,"<a href=""http://www.socialflow.com"" rel=""nofollow"">SocialFlow</a>","nytimes",35,FALSE,FALSE,NA,NA
"Did you stay up to date this week? Take this week's news quiz. https://t.co/nWWWEXiNK5",FALSE,55,NA,FALSE,NA,"1183135269341536257",NA,"<a href=""http://www.socialflow.com"" rel=""nofollow"">SocialFlow</a>","nytimes",15,FALSE,FALSE,NA,NA
"From Iowa to Texas to Virginia to New York, interviews with dozens of U.S. voters suggest that there is growing sup… https://t.co/EWf4CAY6Ax",FALSE,750,NA,TRUE,NA,"1183130244104052737",NA,"<a href=""http://www.socialflow.com"" rel=""nofollow"">SocialFlow</a>","nytimes",193,FALSE,FALSE,NA,NA
"An American-Israeli woman, caught in an Israeli-Russian-American geopolitical battle, was sentenced to 7.5 years in… https://t.co/2A730eJGjM",FALSE,155,NA,TRUE,NA,"1183125191716753410",NA,"<a href=""http://www.socialflow.com"" rel=""nofollow"">SocialFlow</a>","nytimes",90,FALSE,FALSE,NA,NA
"5 rappers with New York roots were removed from the local edition of the traveling hip-hop festival Rolling Loud, s… https://t.co/bct51eRPlD",FALSE,109,NA,TRUE,NA,"1183122679043416064",NA,"<a href=""http://www.socialflow.com"" rel=""nofollow"">SocialFlow</a>","nytimes",71,FALSE,FALSE,NA,NA
"News Analysis: President Trump’s “inconsistent and rapidly shifting positions in the Middle East have injected a ne… https://t.co/iZw10IFze1",FALSE,399,NA,TRUE,NA,"1183115145200971778",NA,"<a href=""http://www.socialflow.com"" rel=""nofollow"">SocialFlow</a>","nytimes",195,FALSE,FALSE,NA,NA
"Turkish-backed militants fighting in Syria killed at least 2 Kurdish prisoners on Saturday, according to a video an… https://t.co/7p6YYchJq3",FALSE,836,NA,TRUE,NA,"1183110118550003712",NA,"<a href=""http://www.socialflow.com"" rel=""nofollow"">SocialFlow</a>","nytimes",859,FALSE,FALSE,NA,NA
"Elizabeth Warren bought a political ad on Facebook this past week that purposefully includes false claims about Mar… https://t.co/8URfeacxdr",FALSE,10280,NA,TRUE,NA,"1183110110241050626",NA,"<a href=""http://www.socialflow.com"" rel=""nofollow"">SocialFlow</a>","nytimes",1994,FALSE,FALSE,NA,NA
"For U.S. presidential candidates, an energized, widely deployed ground operation can make a big difference in early… https://t.co/vwbbHzqFuU",FALSE,200,NA,TRUE,NA,"1183105077642514437",NA,"<a href=""http://www.socialflow.com"" rel=""nofollow"">SocialFlow</a>","nytimes",52,FALSE,FALSE,NA,NA
"PG&amp;E, the California utility whose equipment has been blamed for deadly wildfires, shut off power this week to prev… https://t.co/KEtvVN3jgU",FALSE,266,NA,TRUE,NA,"1183100036294545408",NA,"<a href=""http://www.socialflow.com"" rel=""nofollow"">SocialFlow</a>","nytimes",138,FALSE,FALSE,NA,NA
"President Trump and his defenders have employed a number of arguments against the impeachment inquiry. Here’s a fac… https://t.co/T8dsZs85LJ",FALSE,182,NA,TRUE,NA,"1183095016744464390",NA,"<a href=""http://www.socialflow.com"" rel=""nofollow"">SocialFlow</a>","nytimes",79,FALSE,FALSE,NA,NA
"Here are 7 things that happened on the presidential campaign trail this week
https://t.co/WQDuia6St4",FALSE,99,NA,FALSE,NA,"1183091237701718017",NA,"<a href=""http://www.socialflow.com"" rel=""nofollow"">SocialFlow</a>","nytimes",32,FALSE,FALSE,NA,NA
"At least one person is dead and 18 others injured after parts of a Hard Rock Hotel under construction in New Orlean… https://t.co/wup23V5ghG",FALSE,1637,NA,TRUE,NA,"1183087453655195648",NA,"<a href=""http://www.socialflow.com"" rel=""nofollow"">SocialFlow</a>","nytimes",1016,FALSE,FALSE,NA,NA
"Representative Tulsi Gabbard has barely cracked 2% in the polls to qualify for Tuesday’s debate. But an array of fi… https://t.co/KYsFIT6U4i",FALSE,452,NA,TRUE,NA,"1183082427457114113",NA,"<a href=""http://www.socialflow.com"" rel=""nofollow"">SocialFlow</a>","nytimes",151,FALSE,FALSE,NA,NA
"In response to a detailed list of questions from The New York Times, Bridgitt Arnold, Bill Gates’s spokeswoman, con… https://t.co/GpuFPNMXsY",FALSE,638,"nytimes",TRUE,"1183077115614388224","1183078279579869185","807095","<a href=""https://about.twitter.com/products/tweetdeck"" rel=""nofollow"">TweetDeck</a>","nytimes",229,FALSE,FALSE,NA,NA
"Epstein also spoke with the Gates Foundation and JPMorgan on a proposed multibillion-dollar charitable fund, which… https://t.co/mWvPJ4acB0",FALSE,814,"nytimes",TRUE,"1183076715234496512","1183077115614388224","807095","<a href=""https://about.twitter.com/products/tweetdeck"" rel=""nofollow"">TweetDeck</a>","nytimes",343,FALSE,FALSE,NA,NA
"Beginning in 2011, Gates and Epstein met repeatedly, including at least 3 times at Epstein’s Manhattan townhouse, a… https://t.co/xAtqQqsEjn",FALSE,1959,"nytimes",TRUE,"1183076136231821312","1183076715234496512","807095","<a href=""https://about.twitter.com/products/tweetdeck"" rel=""nofollow"">TweetDeck</a>","nytimes",1025,FALSE,FALSE,NA,NA
"Bill Gates has minimized his ties to Jeffrey Epstein. But a New York Times investigation shows that Gates and Epste… https://t.co/ipOaIr3iRK",FALSE,10177,NA,TRUE,NA,"1183076136231821312",NA,"<a href=""http://www.socialflow.com"" rel=""nofollow"">SocialFlow</a>","nytimes",5891,FALSE,FALSE,NA,NA
"Privilege is ""the real factor determining whether you can take productivity advice at face value,"" writes our Smart… https://t.co/IG5RO9HVTY",FALSE,261,NA,TRUE,NA,"1182922199616937984",NA,"<a href=""http://www.socialflow.com"" rel=""nofollow"">SocialFlow</a>","nytimes",82,FALSE,FALSE,NA,NA
"10 new books recommended by critics and editors at The New York Times https://t.co/UDJx15dx3W",FALSE,204,NA,FALSE,NA,"1182914381987897344",NA,"<a href=""http://www.socialflow.com"" rel=""nofollow"">SocialFlow</a>","nytimes",49,FALSE,FALSE,NA,NA
"Polystyrene, a common ocean pollutant, decomposes in sunlight much faster than thought, a new study finds https://t.co/IivsC39YvH",FALSE,257,NA,FALSE,NA,"1182906441260249088",NA,"<a href=""http://www.socialflow.com"" rel=""nofollow"">SocialFlow</a>","nytimes",129,FALSE,FALSE,NA,NA
"Verrocchio finally gets his due in a glittering exhibition at the National Gallery https://t.co/FsRKJgxXHl",FALSE,216,NA,FALSE,NA,"1182898743064039424",NA,"<a href=""http://www.socialflow.com"" rel=""nofollow"">SocialFlow</a>","nytimes",49,FALSE,FALSE,NA,NA
"The economic impacts of California’s power shut-off were especially acute in rural, northern towns https://t.co/hlz9Qbpzwp",FALSE,163,NA,FALSE,NA,"1182888642102153216",NA,"<a href=""http://www.socialflow.com"" rel=""nofollow"">SocialFlow</a>","nytimes",56,FALSE,FALSE,NA,NA
"HBO announced a campaign to use its shows to increase awareness around mental health issues https://t.co/WS9wFTbptu",FALSE,503,NA,FALSE,NA,"1182878566092029957",NA,"<a href=""http://www.socialflow.com"" rel=""nofollow"">SocialFlow</a>","nytimes",127,FALSE,FALSE,NA,NA
"In Opinion

Former prime ministers of Australia, New Zealand and Sweden ask the U.S. and China to end their trade w… https://t.co/bJULuwopCj",FALSE,379,NA,TRUE,NA,"1182868528053018624",NA,"<a href=""http://www.socialflow.com"" rel=""nofollow"">SocialFlow</a>","nytimes",124,FALSE,FALSE,NA,NA
"Faced with competition from Disney Plus, Netflix has been quietly preparing a barrage of shows and movies for child… https://t.co/9qYqyfAofD",FALSE,414,NA,TRUE,NA,"1182863480417857541",NA,"<a href=""http://www.socialflow.com"" rel=""nofollow"">SocialFlow</a>","nytimes",91,FALSE,FALSE,NA,NA
"Riding a bus on one of Manhattan's main streets is suddenly a joyful experience after cars are all but banned https://t.co/PGTCM8e7pJ",FALSE,646,NA,FALSE,NA,"1182853442517291008",NA,"<a href=""http://www.socialflow.com"" rel=""nofollow"">SocialFlow</a>","nytimes",112,FALSE,FALSE,NA,NA
"As high-profile as they are, debates rarely help a presidential candidate break out of a crowded field. And strateg… https://t.co/xHOLi7ShUW",FALSE,123,NA,TRUE,NA,"1182848385163894785",NA,"<a href=""http://www.socialflow.com"" rel=""nofollow"">SocialFlow</a>","nytimes",30,FALSE,FALSE,NA,NA
"A complex and difficult medical procedure that ultimately failed might have contributed to the death of an American… https://t.co/Lsa6TeEDSg",FALSE,84,NA,TRUE,NA,"1182842082362318849",NA,"<a href=""http://www.socialflow.com"" rel=""nofollow"">SocialFlow</a>","nytimes",27,FALSE,FALSE,NA,NA
"Coming Sunday: We present a special episode of @TheWeekly to show you how Rudy Giuliani's decades-long career broug… https://t.co/k3MoyuD0oW",FALSE,254,"nytimes",TRUE,"1182835295143825413","1182835778214223873","807095","<a href=""https://about.twitter.com/products/tweetdeck"" rel=""nofollow"">TweetDeck</a>","nytimes",88,FALSE,FALSE,NA,NA
"Breaking News: Rudy Giuliani, President Trump's lawyer, is said to be under investigation over whether he broke for… https://t.co/x17WQ333K8",FALSE,5296,NA,TRUE,NA,"1182835295143825413",NA,"<a href=""http://www.socialflow.com"" rel=""nofollow"">SocialFlow</a>","nytimes",1500,FALSE,FALSE,NA,NA
"From disposable headphones and plastic cutlery to food and toilet waste, the average airline passenger leaves behin… https://t.co/NXmAvpQmzj",FALSE,313,NA,TRUE,NA,"1182833277138284544",NA,"<a href=""http://www.socialflow.com"" rel=""nofollow"">SocialFlow</a>","nytimes",122,FALSE,FALSE,NA,NA
"Evening Briefing: Here's what you need to know at the end of the day https://t.co/TLZQYEXYVq",FALSE,113,NA,FALSE,NA,"1182825735427375104",NA,"<a href=""http://www.socialflow.com"" rel=""nofollow"">SocialFlow</a>","nytimes",34,FALSE,FALSE,NA,NA
"Jane Fonda was arrested outside the United States Capitol on Friday as part of a climate change protest https://t.co/1O8pYnhuPa",FALSE,3980,NA,FALSE,NA,"1182821959421386755",NA,"<a href=""http://www.socialflow.com"" rel=""nofollow"">SocialFlow</a>","nytimes",934,FALSE,FALSE,NA,NA
"In Opinion

""For the first time in the past hundred years, the working class — the 50 percent of Americans with the… https://t.co/IAIsKbULSn",FALSE,645,NA,TRUE,NA,"1182818191967473665",NA,"<a href=""http://www.socialflow.com"" rel=""nofollow"">SocialFlow</a>","nytimes",420,FALSE,FALSE,NA,NA
"New York City's mayor, Bill de Blasio, and the actor Chazz Palminteri confronted each other on live radio after Pal… https://t.co/3si1IwIgwD",FALSE,144,NA,TRUE,NA,"1182810625984159744",NA,"<a href=""http://www.socialflow.com"" rel=""nofollow"">SocialFlow</a>","nytimes",38,FALSE,FALSE,NA,NA
"The acting homeland security secretary, Kevin McAleenan, is out after 6 months https://t.co/2OdfoxadF4",FALSE,307,NA,FALSE,NA,"1182807623906795521",NA,"<a href=""http://www.socialflow.com"" rel=""nofollow"">SocialFlow</a>","nytimes",149,FALSE,FALSE,NA,NA
"A Brooklyn judge was accused of destroying text messages and emails during a fraud inquiry at a major credit union https://t.co/vOXKPHjM7u",FALSE,167,NA,FALSE,NA,"1182803080649330688",NA,"<a href=""http://www.socialflow.com"" rel=""nofollow"">SocialFlow</a>","nytimes",81,FALSE,FALSE,NA,NA
"Evening Briefing: Here's what you need to know at the end of the day https://t.co/kFMFGGu3Zz",FALSE,88,NA,FALSE,NA,"1182793021215199232",NA,"<a href=""http://www.socialflow.com"" rel=""nofollow"">SocialFlow</a>","nytimes",20,FALSE,FALSE,NA,NA
"When Bernie Sanders ran for president in 2016, his campaign was strikingly pro-labor. At least half the candidates… https://t.co/6evfndUuij",FALSE,191,NA,TRUE,NA,"1182787981100367872",NA,"<a href=""http://www.socialflow.com"" rel=""nofollow"">SocialFlow</a>","nytimes",38,FALSE,FALSE,NA,NA
"""I could not go out of the hospital for a few minutes, because any second a shell might fall on us."" Dr. Omar Ibrah… https://t.co/87qVSd3pPA",FALSE,243,NA,TRUE,NA,"1182782959247593472",NA,"<a href=""http://www.socialflow.com"" rel=""nofollow"">SocialFlow</a>","nytimes",88,FALSE,FALSE,NA,NA
"In Angela Dimayuga's coconut milk chicken adobo recipe, coconut is present in 3 forms: milk, oil, and vinegar. ""Eve… https://t.co/QnGgIZjiHy",FALSE,282,NA,TRUE,NA,"1182777967388348416",NA,"<a href=""http://www.socialflow.com"" rel=""nofollow"">SocialFlow</a>","nytimes",56,FALSE,FALSE,NA,NA
"The Justice Department lent support for President Trump’s attempt to shield his tax returns, wading into a legal fi… https://t.co/BPXhsbO8J4",FALSE,362,NA,TRUE,NA,"1182774315865034752",NA,"<a href=""http://www.socialflow.com"" rel=""nofollow"">SocialFlow</a>","nytimes",227,FALSE,FALSE,NA,NA
"A 13-year-old girl in Kansas is facing a felony charge after she made a gun shape with her fingers and pointed it a… https://t.co/Z1zcN4qEBl",FALSE,214,NA,TRUE,NA,"1182769620555571201",NA,"<a href=""http://www.socialflow.com"" rel=""nofollow"">SocialFlow</a>","nytimes",142,FALSE,FALSE,NA,NA
"Millions of Flickr images were sucked into a research database called MegaFace, which has been used by companies li… https://t.co/OMLLO824vB",FALSE,174,NA,TRUE,NA,"1182762832833720325",NA,"<a href=""http://www.socialflow.com"" rel=""nofollow"">SocialFlow</a>","nytimes",107,FALSE,FALSE,NA,NA
"Visa, Mastercard, Stripe and eBay have all joined PayPal in pulling out of Libra, Facebook's troubled cryptocurrenc… https://t.co/wTdhuMpErv",FALSE,205,NA,TRUE,NA,"1182760292368945157",NA,"<a href=""http://www.socialflow.com"" rel=""nofollow"">SocialFlow</a>","nytimes",89,FALSE,FALSE,NA,NA
"A 6-year-old boy was in critical condition after a man came up to where he was sitting on the front steps of his gr… https://t.co/XTgnwXE9DK",FALSE,149,NA,TRUE,NA,"1182757796942626816",NA,"<a href=""http://www.socialflow.com"" rel=""nofollow"">SocialFlow</a>","nytimes",83,FALSE,FALSE,NA,NA
"The 2020 presidential debates, scheduled for September and October 2020, will be held at universities in Indiana, M… https://t.co/qQYQlzKycW",FALSE,67,NA,TRUE,NA,"1182752782023057408",NA,"<a href=""http://www.socialflow.com"" rel=""nofollow"">SocialFlow</a>","nytimes",30,FALSE,FALSE,NA,NA
"Shepard Smith, the chief news anchor of Fox News who has traded jabs with the network’s pro-Trump pundits, abruptly… https://t.co/2bO6hjOHJd",FALSE,1217,NA,TRUE,NA,"1182749810509647874",NA,"<a href=""http://www.socialflow.com"" rel=""nofollow"">SocialFlow</a>","nytimes",447,FALSE,FALSE,NA,NA
"Breaking News: President Trump said the U.S. had reached a ""phase one"" deal with China, providing a temporary deten… https://t.co/AdnKofNmX1",FALSE,172,NA,TRUE,NA,"1182747421950074880",NA,"<a href=""http://www.socialflow.com"" rel=""nofollow"">SocialFlow</a>","nytimes",81,FALSE,FALSE,NA,NA
"There was new optimism in the ongoing Brexit talks between Britain and the European Union on Friday, transforming t… https://t.co/pZSZNWpNE8",FALSE,108,NA,TRUE,NA,"1182742688250118144",NA,"<a href=""http://www.socialflow.com"" rel=""nofollow"">SocialFlow</a>","nytimes",23,FALSE,FALSE,NA,NA
"Boeing has been under intense scrutiny since its best-selling 737 Max jet was involved in 2 deadly crashes in 5 mon… https://t.co/mP4HzHccSk",FALSE,95,"nytimes",TRUE,"1182574373737304064","1182739935851417602","807095","<a href=""https://mobile.twitter.com"" rel=""nofollow"">Twitter Web App</a>","nytimes",44,FALSE,FALSE,NA,NA
"Parents are taking their kids to Democratic campaign rallies, which some say are relief from a political moment tha… https://t.co/A1tHBHDw8J",FALSE,391,NA,TRUE,NA,"1182737664992305153",NA,"<a href=""http://www.socialflow.com"" rel=""nofollow"">SocialFlow</a>","nytimes",69,FALSE,FALSE,NA,NA
"Breaking News: A federal judge has temporarily blocked the Trump administration's ""public charge"" policy that would… https://t.co/wMoqdLwWz0",FALSE,852,NA,TRUE,NA,"1182734700118450176",NA,"<a href=""http://www.socialflow.com"" rel=""nofollow"">SocialFlow</a>","nytimes",290,FALSE,FALSE,NA,NA
"The Trump administration threatened new sanctions against Turkey that officials said could cripple its economy if a… https://t.co/GuLk70c8Cu",FALSE,127,NA,TRUE,NA,"1182732744767488002",NA,"<a href=""http://www.socialflow.com"" rel=""nofollow"">SocialFlow</a>","nytimes",59,FALSE,FALSE,NA,NA
"An unusually early snowstorm is expected to bring ""historic"" snowfall to parts of North Dakota, where blizzard cond… https://t.co/jSw1iqWEA1",FALSE,126,NA,TRUE,NA,"1182727593042288640",NA,"<a href=""http://www.socialflow.com"" rel=""nofollow"">SocialFlow</a>","nytimes",41,FALSE,FALSE,NA,NA
"Dr. William Husel is charged with killing 25 patients with overdoses of fentanyl. It is one of the largest medical-… https://t.co/Sn9kEMM7Vi",FALSE,171,NA,TRUE,NA,"1182722552181018624",NA,"<a href=""http://www.socialflow.com"" rel=""nofollow"">SocialFlow</a>","nytimes",96,FALSE,FALSE,NA,NA
"New polls show a high level of public support for the impeachment inquiry against President Trump, but many have al… https://t.co/892wuY07nx",FALSE,323,NA,TRUE,NA,"1182718493139111936",NA,"<a href=""http://www.socialflow.com"" rel=""nofollow"">SocialFlow</a>","nytimes",68,FALSE,FALSE,NA,NA
"At a town hall on LGBT issues Thursday night, Democratic presidential candidate Pete Buttigieg described his own pr… https://t.co/eBpEOV6ibS",FALSE,154,NA,TRUE,NA,"1182713743370850304",NA,"<a href=""http://www.socialflow.com"" rel=""nofollow"">SocialFlow</a>","nytimes",30,FALSE,FALSE,NA,NA
"It is impossible to understand PewDiePie without also understanding the role YouTube plays in shaping culture,… https://t.co/vYULONfwVS",FALSE,223,NA,TRUE,NA,"1182709980883017729",NA,"<a href=""http://www.socialflow.com"" rel=""nofollow"">SocialFlow</a>","nytimes",63,FALSE,FALSE,NA,NA
"The hacking death of ""Junior"" Guzman, 15, was caught on video and shocked New Yorkers. Trinitarios gang members, wh… https://t.co/MzSVJuqFGP",FALSE,433,NA,TRUE,NA,"1182703692493066250",NA,"<a href=""http://www.socialflow.com"" rel=""nofollow"">SocialFlow</a>","nytimes",218,FALSE,FALSE,NA,NA
"In the first review of Ronan Farrow's ""Catch and Kill,"" @jenszalai writes that Farrow documents the distressing met… https://t.co/YHZYNWuBg9",FALSE,223,NA,TRUE,NA,"1182702422466150401",NA,"<a href=""http://www.socialflow.com"" rel=""nofollow"">SocialFlow</a>","nytimes",90,FALSE,FALSE,NA,NA
"The family of Stephon Clark, the unarmed black man who was shot 7 times and killed by Sacramento police in 2018, re… https://t.co/PTPDciGM04",FALSE,308,NA,TRUE,NA,"1182697395915755520",NA,"<a href=""http://www.socialflow.com"" rel=""nofollow"">SocialFlow</a>","nytimes",100,FALSE,FALSE,NA,NA
"A motorist caught in one of the fires ripping through Southern California captured footage that shows its ferocity.… https://t.co/cSbz0KC4TC",FALSE,318,NA,TRUE,NA,"1182692355129987072",NA,"<a href=""http://www.socialflow.com"" rel=""nofollow"">SocialFlow</a>","nytimes",214,FALSE,FALSE,NA,NA
"Breaking News: Marie Yovanovitch, the recalled U.S. ambassador to Ukraine, told Congress in scathing testimony that… https://t.co/1DsCMUl0xt",FALSE,13996,NA,TRUE,NA,"1182689687116406784",NA,"<a href=""http://www.socialflow.com"" rel=""nofollow"">SocialFlow</a>","nytimes",6398,FALSE,FALSE,NA,NA
"President Trump will meet with China’s top trade envoy at the White House this afternoon. There are growing expecta… https://t.co/ELbya1g91L",FALSE,89,NA,TRUE,NA,"1182687350520008705",NA,"<a href=""http://www.socialflow.com"" rel=""nofollow"">SocialFlow</a>","nytimes",40,FALSE,FALSE,NA,NA
"Prince's estate is criticizing President Trump's campaign for playing ""Purple Rain"" at his rally in Minneapolis Thu… https://t.co/VUZsGkjgIV",FALSE,626,NA,TRUE,NA,"1182682292105420800",NA,"<a href=""http://www.socialflow.com"" rel=""nofollow"">SocialFlow</a>","nytimes",168,FALSE,FALSE,NA,NA
"The Federal Reserve said it would increase its stock of Treasury bills to offset volatility in a corner of the fina… https://t.co/VsSIQTrIoj",FALSE,58,NA,TRUE,NA,"1182677249570402309",NA,"<a href=""http://www.socialflow.com"" rel=""nofollow"">SocialFlow</a>","nytimes",27,FALSE,FALSE,NA,NA
"President Trump lashed out against Democrats at a combative campaign rally on Thursday night https://t.co/xORHEthPB7",FALSE,171,NA,FALSE,NA,"1182478455910424578",NA,"<a href=""http://www.socialflow.com"" rel=""nofollow"">SocialFlow</a>","nytimes",65,FALSE,FALSE,NA,NA
"These state birds may be forced out of their states as the world warms https://t.co/GzIl8zxPvE",FALSE,125,NA,FALSE,NA,"1182475933682413570",NA,"<a href=""http://www.socialflow.com"" rel=""nofollow"">SocialFlow</a>","nytimes",80,FALSE,FALSE,NA,NA
"Evening Briefing: Here's what you need to know at the end of the day https://t.co/6EBeWenHPy",FALSE,116,NA,FALSE,NA,"1182470899099934720",NA,"<a href=""http://www.socialflow.com"" rel=""nofollow"">SocialFlow</a>","nytimes",43,FALSE,FALSE,NA,NA
"The Georgia Department of Natural Resources announced that a northern snakehead, one species of the fish, was found… https://t.co/rshcQRr4lN",FALSE,245,NA,TRUE,NA,"1182460851468550144",NA,"<a href=""http://www.socialflow.com"" rel=""nofollow"">SocialFlow</a>","nytimes",127,FALSE,FALSE,NA,NA
"“You can’t fake innocence,” Will Smith said of playing a younger version of himself in ""Gemini Man."" “You can’t unk… https://t.co/2YlJ1rwGJX",FALSE,182,NA,TRUE,NA,"1182455788301885442",NA,"<a href=""http://www.socialflow.com"" rel=""nofollow"">SocialFlow</a>","nytimes",34,FALSE,FALSE,NA,NA
"As Pacific Gas and Electric, California’s largest utility, began its deliberate power outage, breastfeeding mothers… https://t.co/789UGz0eM2",FALSE,181,NA,TRUE,NA,"1182445749067485185",NA,"<a href=""http://www.socialflow.com"" rel=""nofollow"">SocialFlow</a>","nytimes",72,FALSE,FALSE,NA,NA
"Like the edge of a chewy brownie but in cookie form https://t.co/Nv8yBm4x5W https://t.co/BbX9uMrKVQ",FALSE,499,NA,FALSE,NA,"1182440699142250496",NA,"<a href=""http://www.socialflow.com"" rel=""nofollow"">SocialFlow</a>","nytimes",59,FALSE,FALSE,NA,NA
"Evening Briefing: Here's what you need to know at the end of the day https://t.co/pdVJzm7FZc",FALSE,77,NA,FALSE,NA,"1182430634247163906",NA,"<a href=""http://www.socialflow.com"" rel=""nofollow"">SocialFlow</a>","nytimes",31,FALSE,FALSE,NA,NA
"Attorney General William Barr met privately Wednesday with Rupert Murdoch, the media mogul whose holdings include F… https://t.co/VncoTz9t6v",FALSE,1137,NA,TRUE,NA,"1182426860237590529",NA,"<a href=""http://www.socialflow.com"" rel=""nofollow"">SocialFlow</a>","nytimes",785,FALSE,FALSE,NA,NA
"Google employees and Uber drivers have found a blueprint for organizing without a formal union: a book called “Labo… https://t.co/SHh6HeoZJX",FALSE,217,NA,TRUE,NA,"1182423097556832256",NA,"<a href=""http://www.socialflow.com"" rel=""nofollow"">SocialFlow</a>","nytimes",78,FALSE,FALSE,NA,NA
"Hundreds of migrants protesting desperate conditions in Mexico on Thursday shut down traffic on the Gateway Interna… https://t.co/biQCjmfImd",FALSE,134,NA,TRUE,NA,"1182415556764405760",NA,"<a href=""http://www.socialflow.com"" rel=""nofollow"">SocialFlow</a>","nytimes",72,FALSE,FALSE,NA,NA
"Splinter, a political news website owned by G/O Media, ceased publication on Thursday https://t.co/89wazk5x72",FALSE,46,NA,FALSE,NA,"1182411757681348608",NA,"<a href=""http://www.socialflow.com"" rel=""nofollow"">SocialFlow</a>","nytimes",16,FALSE,FALSE,NA,NA
"“El Camino: A Breaking Bad Movie” comes to Netflix on Friday. Here’s a refresher on where “Breaking Bad” left Jesse… https://t.co/z40LqYTyz0",FALSE,1056,NA,TRUE,NA,"1182404218382159884",NA,"<a href=""http://www.socialflow.com"" rel=""nofollow"">SocialFlow</a>","nytimes",322,FALSE,FALSE,NA,NA
"In Opinion

Hundreds of people who have had a miscarriage shared their experience with Lauren Kelley and Alexandra… https://t.co/kW0VtOY5Ol",FALSE,240,NA,TRUE,NA,"1182400477343948801",NA,"<a href=""http://www.socialflow.com"" rel=""nofollow"">SocialFlow</a>","nytimes",67,FALSE,FALSE,NA,NA
"""Sesame Street” revealed that the mother of the muppet Karli struggles with addiction. “This allows us to raise awa… https://t.co/ysQez8dOzb",FALSE,690,NA,TRUE,NA,"1182396668068667393",NA,"<a href=""http://www.socialflow.com"" rel=""nofollow"">SocialFlow</a>","nytimes",196,FALSE,FALSE,NA,NA
"Breaking News: Democrats subpoenaed Energy Secretary Rick Perry and 2 indicted associates of Rudy Giuliani, demandi… https://t.co/yWI3P9xbAz",FALSE,1354,NA,TRUE,NA,"1182396632597520386",NA,"<a href=""http://www.socialflow.com"" rel=""nofollow"">SocialFlow</a>","nytimes",427,FALSE,FALSE,NA,NA
"In Opinion 

Rep. Terri Sewell, a Democrat from Alabama, writes, ""The president of the United States has endangered… https://t.co/8864irxq7Z",FALSE,679,NA,TRUE,NA,"1182389134071083008",NA,"<a href=""http://www.socialflow.com"" rel=""nofollow"">SocialFlow</a>","nytimes",225,FALSE,FALSE,NA,NA
"Visitors to the reopened Museum of Modern Art in New York will find classics like van Gogh’s “The Starry Night” but… https://t.co/twdpEjs8Ff",FALSE,188,NA,TRUE,NA,"1182386592260022273",NA,"<a href=""http://www.socialflow.com"" rel=""nofollow"">SocialFlow</a>","nytimes",44,FALSE,FALSE,NA,NA
"Simone Biles won her 5th all-around world championship on Thursday. The gold medal was Biles’s 22nd medal at the wo… https://t.co/pLRrhBvPZ1",FALSE,1338,NA,TRUE,NA,"1182384059839893504",NA,"<a href=""http://www.socialflow.com"" rel=""nofollow"">SocialFlow</a>","nytimes",240,FALSE,FALSE,NA,NA
"President Trump cited the Normandy invasion to defend his decision to pull U.S. support from Kurdish fighters in Sy… https://t.co/PaYm4FFDXu",FALSE,1573,NA,TRUE,NA,"1182380308869648384",NA,"<a href=""http://www.socialflow.com"" rel=""nofollow"">SocialFlow</a>","nytimes",665,FALSE,FALSE,NA,NA
"Read @ManohlaDargis’s review of “Parasite.” It’s a critic’s pick. https://t.co/sz05hztek4",FALSE,100,NA,FALSE,NA,"1182377812499542023",NA,"<a href=""http://www.socialflow.com"" rel=""nofollow"">SocialFlow</a>","nytimes",26,FALSE,FALSE,NA,NA
"Errol Spence Jr., a welterweight boxing champion, suffered serious injuries in a car crash near downtown Dallas on… https://t.co/Sh862x2Dg9",FALSE,67,NA,TRUE,NA,"1182373999554322432",NA,"<a href=""http://www.socialflow.com"" rel=""nofollow"">SocialFlow</a>","nytimes",17,FALSE,FALSE,NA,NA
"Representative Nita Lowey’s announcement set off a wave of speculation about other potential contenders for her sea… https://t.co/WkXvTAafqv",FALSE,115,"nytimes",TRUE,"1182371505549787137","1182372340849623046","807095","<a href=""https://about.twitter.com/products/tweetdeck"" rel=""nofollow"">TweetDeck</a>","nytimes",42,FALSE,FALSE,NA,NA
"Representative Nita Lowey, the first woman to lead the powerful House Appropriations Committee, unexpectedly announ… https://t.co/d2qqpx33cy",FALSE,112,NA,TRUE,NA,"1182371505549787137",NA,"<a href=""http://www.socialflow.com"" rel=""nofollow"">SocialFlow</a>","nytimes",40,FALSE,FALSE,NA,NA
"News Analysis: As Senator Elizabeth Warren rises in the polls, Republicans have turned to questioning her authentic… https://t.co/wzItGrBYGd",FALSE,1018,NA,TRUE,NA,"1182366474146603008",NA,"<a href=""http://www.socialflow.com"" rel=""nofollow"">SocialFlow</a>","nytimes",304,FALSE,FALSE,NA,NA
"The outbreak of lung illnesses linked to vaping grew by more than 200 cases in a week, now totaling 1299, with 26 d… https://t.co/wiOhmfNhLW",FALSE,167,NA,TRUE,NA,"1182362679505309696",NA,"<a href=""http://www.socialflow.com"" rel=""nofollow"">SocialFlow</a>","nytimes",126,FALSE,FALSE,NA,NA
"Koalas have long been plagued by chlamydia and cancers like leukemia and lymphoma. Researching those problems has l… https://t.co/uyEdZe2s4z",FALSE,383,NA,TRUE,NA,"1182358909090222081",NA,"<a href=""http://www.socialflow.com"" rel=""nofollow"">SocialFlow</a>","nytimes",113,FALSE,FALSE,NA,NA
"Turkey began an attack on Kurdish-held areas in northern Syria on Wednesday. The operation could open a dangerous n… https://t.co/Flaqi8nq9O",FALSE,688,NA,TRUE,NA,"1182001541240311808",NA,"<a href=""http://www.socialflow.com"" rel=""nofollow"">SocialFlow</a>","nytimes",547,FALSE,FALSE,NA,NA
"Breaking News: Joe Biden called for President Trump’s impeachment for the first time, saying he “betrayed this nati… https://t.co/ypC2VDTJta",FALSE,6309,NA,TRUE,NA,"1181995721530187776",NA,"<a href=""http://www.socialflow.com"" rel=""nofollow"">SocialFlow</a>","nytimes",1492,FALSE,FALSE,NA,NA
"In Opinion

Noah Feldman, a Harvard law professor, writes, “For the first time since President Richard Nixon refuse… https://t.co/vS3hFga1vl",FALSE,1552,NA,TRUE,NA,"1181992780249391105",NA,"<a href=""http://www.socialflow.com"" rel=""nofollow"">SocialFlow</a>","nytimes",594,FALSE,FALSE,NA,NA
